mut,lineage
c241T,B.1.1
t445C,B.1.177
c3037T,B.1.1
c3099T,B.1.367
c3602T,B.1.221
c4543T,B.1.160
c5388A,B.1.1.7
g5629T,B.1.160
c6286T,B.1.177
c6941T,B.1.221
g9526T,B.1.160
a10323G,B.1.351
c11497T,B.1.160
g13993T,B.1.160
c14408T,B.1.1
g15766T,B.1.160
a16889G,B.1.160
g17019T,B.1.160
c18877T,B.1.160
g21255C,B.1.177
c21855T,B.1.221
c22227T,B.1.177
g22992A,B.1.160
a23403G,B.1.1
t24506G,B.1.1.7
a25505G,B.1.221
c25710T,B.1.160
c26735T,B.1.160
c26801G,B.1.177
t26876C,B.1.160
c28651T,B.1.221
c28869T,B.1.221
c28932T,B.1.177
g28975C,B.1.160
g29399A,B.1.160
g29645T,B.1.177
c539T,B.1.474
c2416T,B.1.474
c5884T,B.1.474
c7834T,B.1.474
g8618A,B.1.474
c14322T,B.1.474
c15579T,B.1.474
g16912T,B.1.474
c23271A,B.1.1.7
c25207T,B.1.474
t26038C,B.1.474
c26600T,B.1.474
c27970A,B.1.474
c27972T,B.1.1.7
t6954C,B.1.1.7
c15324T,B.1.221
t16176C,B.1.1.7
c23709T,B.1.1.7
g24914C,B.1.1.7
g28048T,B.1.1.7
a28111G,B.1.1.7
g28280C,B.1.1.7
a28281T,B.1.1.7
t28282A,B.1.1.7
c28977T,B.1.1.7
c913T,B.1.1.7
c14676T,B.1.1.7
c15279T,B.1.1.7
a28273T,A.27
c1122T,A.27
c3267T,B.1.1.7
c5986T,B.1.1.7
c7303T,B.1.367
c23520T,A.27
c24642T,P.1
g25906C,B.1.221
g28878A,A.27
g4960T,B.1.367
c4965T,B.1.367
c6070T,B.1.367
c10279T,B.1.367
c10301A,B.1.367
c10525T,B.1.367
c10582T,B.1.367
g10688T,B.1.367
g11851T,B.1.367
c21621A,P.1
g21800T,B.1.367
c28830A,B.1.367
c28253T,B.1.351
c13860T,P.1
g174T,B.1.351
c8782T,A.27
a11217G,A.27
g25218T,A.27
g25996T,B.1.221
g29402T,B.1.367
a361G,A.27
c7564T,B.1.367
c2509T,A.27
a9204G,A.27
c16466T,A.27
a18366G,A.27
a20262G,A.27
t22917G,A.27
c23664T,B.1.351
t25541C,A.27
c27247T,A.27
t28144C,A.27
g29742A,A.27
c26456T,B.1.351
g17259T,P.1
c21638T,P.1
c2749T,P.1
c27804T,B.1.367
g28167A,P.1
t21765-ACATG,B.1.1.7
t21991-TA,B.1.1.7
c12778T,P.1
a22206G,B.1.351
g22813T,B.1.351
c25904T,B.1.351
a28877T,P.1
g28878C,P.1
t26149C,P.1
g5230T,B.1.351
t733C,P.1
c3828T,P.1
a5648C,P.1
a6319G,P.1
a6613G,P.1
a22812C,P.1
g25088T,P.1
a21801C,B.1.351
g22132T,P.1
